{
  "Total" : {
    "transaction" : "Total",
    "sampleCount" : 20102,
    "errorCount" : 150,
    "errorPct" : 0.7461944,
    "meanResTime" : 1942.5402447517642,
    "medianResTime" : 2098.0,
    "minResTime" : 42.0,
    "maxResTime" : 3125.0,
    "pct1ResTime" : 2802.0,
    "pct2ResTime" : 2884.0,
    "pct3ResTime" : 2973.9900000000016,
    "throughput" : 34.6814626184832,
    "receivedKBytesPerSec" : 12.98293121504163,
    "sentKBytesPerSec" : 5.213335617704246
  },
  "HTTP Request" : {
    "transaction" : "HTTP Request",
    "sampleCount" : 20102,
    "errorCount" : 150,
    "errorPct" : 0.7461944,
    "meanResTime" : 1942.5402447517642,
    "medianResTime" : 2098.0,
    "minResTime" : 42.0,
    "maxResTime" : 3125.0,
    "pct1ResTime" : 2802.0,
    "pct2ResTime" : 2884.0,
    "pct3ResTime" : 2973.9900000000016,
    "throughput" : 34.6814626184832,
    "receivedKBytesPerSec" : 12.98293121504163,
    "sentKBytesPerSec" : 5.213335617704246
  }
}